['k_value', 'p_value', 'paa_value', 'max_level', 'ncp']
[3, 2, 3, 5, 88.8780225810077]
[3, 2, 3, 6, 87.23417470321775]
[3, 2, 3, 7, 107.97745067401888]
[3, 2, 3, 8, 111.00797518795389]
[3, 2, 3, 9, 120.15871191634]
[3, 2, 3, 10, 123.39862780460633]
[3, 2, 4, 5, 124.69002758513035]
[3, 2, 4, 6, 123.64801592427209]
[3, 2, 4, 7, 146.94471543318838]
[3, 2, 4, 8, 151.19895573617225]
[3, 2, 4, 9, 150.75637436842118]
[3, 2, 4, 10, 151.83436759869682]
[3, 2, 5, 5, 123.6372558412655]
[3, 2, 5, 6, 123.53698548074604]
[3, 2, 5, 7, 125.81283517158695]
[3, 2, 5, 8, 124.3231647431866]
[3, 2, 5, 9, 124.99165680944796]
[3, 2, 5, 10, 126.09184795642366]
[4, 2, 3, 5, 104.87824554728171]
[4, 2, 3, 6, 102.33628189584026]
[4, 2, 3, 7, 123.07679391346316]
[4, 2, 3, 8, 132.83378246145702]
[4, 2, 3, 9, 135.40877538874864]
[4, 2, 3, 10, 140.51860160329727]
[4, 2, 4, 5, 139.82599546009456]
[4, 2, 4, 6, 140.93751439940795]
[4, 2, 4, 7, 159.09553421755774]
[4, 2, 4, 8, 163.20916217364916]
[4, 2, 4, 9, 164.0484258581747]
[4, 2, 4, 10, 164.8010728559638]
[4, 2, 5, 5, 137.35466163049216]
[4, 2, 5, 6, 137.34019982232675]
[4, 2, 5, 7, 141.35993904650155]
[4, 2, 5, 8, 141.29213044869064]
[4, 2, 5, 9, 140.5574604432769]
[4, 2, 5, 10, 140.78562491896838]
[5, 2, 3, 5, 111.48421279191841]
[5, 2, 3, 6, 112.45886604307204]
[5, 2, 3, 7, 132.72831023594847]
[5, 2, 3, 8, 137.40238202418462]
[5, 2, 3, 9, 147.71953546148399]
[5, 2, 3, 10, 152.2363175691213]
[5, 2, 4, 5, 150.94796846982516]
[5, 2, 4, 6, 147.7649142029325]
[5, 2, 4, 7, 170.1193198535667]
[5, 2, 4, 8, 178.33172794757044]
[5, 2, 4, 9, 175.77870131873186]
[5, 2, 4, 10, 178.29901145783148]
[5, 2, 5, 5, 151.36547436289678]
[5, 2, 5, 6, 147.98099720634644]
[5, 2, 5, 7, 151.00922270605037]
[5, 2, 5, 8, 153.9183178025595]
[5, 2, 5, 9, 152.06792520333536]
[5, 2, 5, 10, 153.50208371952087]
[6, 2, 3, 5, 123.24769577947774]
[6, 2, 3, 6, 116.69171370118019]
[6, 2, 3, 7, 142.7559381496403]
[6, 2, 3, 8, 148.52759771553116]
[6, 2, 3, 9, 153.1292513315942]
[6, 2, 3, 10, 155.53175936329086]
[6, 2, 4, 5, 153.67746978761386]
[6, 2, 4, 6, 155.83368753162304]
[6, 2, 4, 7, 180.45857721588604]
[6, 2, 4, 8, 181.06918382070882]
[6, 2, 4, 9, 184.71308553646855]
[6, 2, 4, 10, 181.17562432968754]
[6, 2, 5, 5, 160.68242508797462]
[6, 2, 5, 6, 159.04335869102118]
[6, 2, 5, 7, 157.65357112413824]
[6, 2, 5, 8, 155.9273304907238]
[6, 2, 5, 9, 157.51622284060687]
[6, 2, 5, 10, 157.6364068982645]
[7, 2, 3, 5, 129.9353003728574]
[7, 2, 3, 6, 128.96718373077024]
[7, 2, 3, 7, 149.51276294274433]
[7, 2, 3, 8, 153.67587231116968]
[7, 2, 3, 9, 165.15435747403055]
[7, 2, 3, 10, 163.6193424192278]
[7, 2, 4, 5, 167.20344739530142]
[7, 2, 4, 6, 163.4320353816479]
[7, 2, 4, 7, 188.71278978323204]
[7, 2, 4, 8, 192.64455055055774]
[7, 2, 4, 9, 192.638574326163]
[7, 2, 4, 10, 197.15908906932557]
[7, 2, 5, 5, 167.07884373002204]
[7, 2, 5, 6, 169.3348378719418]
[7, 2, 5, 7, 169.6112750307587]
[7, 2, 5, 8, 167.11285472072953]
[7, 2, 5, 9, 168.1670464792582]
[7, 2, 5, 10, 169.48654631021586]
[8, 2, 3, 5, 133.31075812414622]
[8, 2, 3, 6, 132.79940935722067]
[8, 2, 3, 7, 145.97949179933374]
[8, 2, 3, 8, 156.77642315367427]
[8, 2, 3, 9, 174.45701896842814]
[8, 2, 3, 10, 174.09099612331937]
[8, 2, 4, 5, 176.19262013053773]
[8, 2, 4, 6, 176.6486238842435]
[8, 2, 4, 7, 200.8264719224799]
[8, 2, 4, 8, 203.24168097135194]
[8, 2, 4, 9, 193.57945397349482]
[8, 2, 4, 10, 205.67608066990076]
[8, 2, 5, 5, 166.3314846396264]
[8, 2, 5, 6, 175.41302495705438]
[8, 2, 5, 7, 174.53004984252172]
[8, 2, 5, 8, 169.51208567612593]
[8, 2, 5, 9, 173.71743951685602]
[8, 2, 5, 10, 178.17402630968894]
[4, 3, 3, 5, 121.62601527372355]
[4, 3, 3, 6, 124.09083560253576]
[4, 3, 3, 7, 154.6973935651791]
[4, 3, 3, 8, 161.66126035654736]
[4, 3, 3, 9, 176.45298742399362]
[4, 3, 3, 10, 179.4927349055221]
[4, 3, 4, 5, 172.56246669252758]
[4, 3, 4, 6, 173.89028772471605]
[4, 3, 4, 7, 189.30872631997426]
[4, 3, 4, 8, 189.78815058061116]
[4, 3, 4, 9, 190.22447689403953]
[4, 3, 4, 10, 189.99446964312423]
[4, 3, 5, 5, 161.4900491435966]
[4, 3, 5, 6, 163.93016373545106]
[4, 3, 5, 7, 165.04967005150382]
[4, 3, 5, 8, 161.83821475049893]
[4, 3, 5, 9, 163.0678039877347]
[4, 3, 5, 10, 161.42657581350687]
[5, 3, 3, 5, 136.37088486500775]
[5, 3, 3, 6, 141.20549776338447]
[5, 3, 3, 7, 165.84865133111282]
[5, 3, 3, 8, 179.51873913788876]
[5, 3, 3, 9, 185.93606216400678]
[5, 3, 3, 10, 189.58869060270874]
[5, 3, 4, 5, 186.8101321969695]
[5, 3, 4, 6, 183.64488301354228]
[5, 3, 4, 7, 201.0272333829617]
[5, 3, 4, 8, 199.94562940085618]
[5, 3, 4, 9, 202.70874822862046]
[5, 3, 4, 10, 202.47826643130836]
[5, 3, 5, 5, 174.21165129646263]
[5, 3, 5, 6, 174.8777538656703]
[5, 3, 5, 7, 172.702336077763]
[5, 3, 5, 8, 175.56770277212166]
[5, 3, 5, 9, 175.75239712292316]
[5, 3, 5, 10, 169.5751363637426]
[6, 3, 3, 5, 144.02072162466408]
[6, 3, 3, 6, 152.4996731205167]
[6, 3, 3, 7, 173.58592104076666]
[6, 3, 3, 8, 184.07474347176947]
[6, 3, 3, 9, 196.1273428217394]
[6, 3, 3, 10, 198.03010319243702]
[6, 3, 4, 5, 188.9426063778458]
[6, 3, 4, 6, 194.65965362629646]
[6, 3, 4, 7, 213.19939978504888]
[6, 3, 4, 8, 207.99351668739098]
[6, 3, 4, 9, 211.1065209585066]
[6, 3, 4, 10, 209.79729354120946]
[6, 3, 5, 5, 183.62423513456844]
[6, 3, 5, 6, 180.85005840876082]
[6, 3, 5, 7, 182.25851565266507]
[6, 3, 5, 8, 175.34956184974806]
[6, 3, 5, 9, 183.05515274473447]
[6, 3, 5, 10, 176.31333302955835]
[7, 3, 3, 5, 152.90435490980792]
[7, 3, 3, 6, 157.40064609485836]
[7, 3, 3, 7, 184.72965717600633]
[7, 3, 3, 8, 190.1327188093151]
[7, 3, 3, 9, 200.46596257927288]
[7, 3, 3, 10, 207.144716761528]
[7, 3, 4, 5, 198.96272335693234]
[7, 3, 4, 6, 198.41818429225597]
[7, 3, 4, 7, 218.13218887032457]
[7, 3, 4, 8, 216.64348980170809]
[7, 3, 4, 9, 219.2885236151629]
[7, 3, 4, 10, 216.31597813718898]
[7, 3, 5, 5, 186.59895937433933]
[7, 3, 5, 6, 186.51567763449464]
[7, 3, 5, 7, 183.91159972210818]
[7, 3, 5, 8, 188.53342490388084]
[7, 3, 5, 9, 184.0099556038704]
[7, 3, 5, 10, 190.04658790906882]
[8, 3, 3, 5, 153.8715849091331]
[8, 3, 3, 6, 154.4594056506128]
[8, 3, 3, 7, 187.3819948949754]
[8, 3, 3, 8, 193.46872951066732]
[8, 3, 3, 9, 209.76676899331463]
[8, 3, 3, 10, 212.2327621243776]
[8, 3, 4, 5, 210.17148669498582]
[8, 3, 4, 6, 212.8618126186477]
[8, 3, 4, 7, 226.69513027079282]
[8, 3, 4, 8, 224.67642812483567]
[8, 3, 4, 9, 231.5889978184345]
[8, 3, 4, 10, 232.01557936819816]
[8, 3, 5, 5, 193.85527320650155]
[8, 3, 5, 6, 191.64769337674446]
[8, 3, 5, 7, 197.11030020676205]
[8, 3, 5, 8, 198.65881185575014]
[8, 3, 5, 9, 196.79608221809855]
[8, 3, 5, 10, 189.82929701404174]
[9, 3, 3, 5, 166.40042771502232]
[9, 3, 3, 6, 156.9187088477937]
[9, 3, 3, 7, 197.2730325118095]
[9, 3, 3, 8, 201.51327417749238]
[9, 3, 3, 9, 218.91735943604237]
[9, 3, 3, 10, 220.22615188393735]
[9, 3, 4, 5, 217.02298837394153]
[9, 3, 4, 6, 216.15046676015191]
[9, 3, 4, 7, 228.82535043707054]
[9, 3, 4, 8, 233.67708204834773]
[9, 3, 4, 9, 230.73338373211294]
[9, 3, 4, 10, 230.70942946024644]
[9, 3, 5, 5, 204.45795643538565]
[9, 3, 5, 6, 201.38717069177898]
[9, 3, 5, 7, 199.05319374898212]
[9, 3, 5, 8, 203.62157709712167]
[9, 3, 5, 9, 203.34917785678857]
[9, 3, 5, 10, 205.3751966827672]
[5, 4, 3, 5, 154.59615701243635]
[5, 4, 3, 6, 152.83111867704977]
[5, 4, 3, 7, 188.56277878244802]
[5, 4, 3, 8, 202.3900359277285]
[5, 4, 3, 9, 215.4236684454077]
[5, 4, 3, 10, 220.5673888712007]
[5, 4, 4, 5, 224.49722249464583]
[5, 4, 4, 6, 219.48856262468672]
[5, 4, 4, 7, 228.856761211465]
[5, 4, 4, 8, 231.34367765848936]
[5, 4, 4, 9, 230.42711999949123]
[5, 4, 4, 10, 229.37913282679847]
[5, 4, 5, 5, 190.10748167349234]
[5, 4, 5, 6, 192.39688847113246]
[5, 4, 5, 7, 187.8537234068065]
[5, 4, 5, 8, 186.94848546937294]
[5, 4, 5, 9, 189.53755471370994]
[5, 4, 5, 10, 190.45167292032173]
[6, 4, 3, 5, 163.83349637436035]
[6, 4, 3, 6, 160.62104051004948]
[6, 4, 3, 7, 207.3211059028536]
[6, 4, 3, 8, 209.9511723071828]
[6, 4, 3, 9, 223.57273470023074]
[6, 4, 3, 10, 223.81307564160448]
[6, 4, 4, 5, 231.31790579172952]
[6, 4, 4, 6, 229.84806124279805]
[6, 4, 4, 7, 237.40175628048272]
[6, 4, 4, 8, 239.4364721511526]
[6, 4, 4, 9, 237.05276721334351]
[6, 4, 4, 10, 238.5806501694446]
[6, 4, 5, 5, 198.58523109906633]
[6, 4, 5, 6, 196.12849162184406]
[6, 4, 5, 7, 197.54688571255187]
[6, 4, 5, 8, 197.66511704755706]
[6, 4, 5, 9, 198.8748821838143]
[6, 4, 5, 10, 197.08392851882184]
[7, 4, 3, 5, 166.71172623102328]
[7, 4, 3, 6, 161.96095844551428]
[7, 4, 3, 7, 206.14375702289084]
[7, 4, 3, 8, 222.31909090038548]
[7, 4, 3, 9, 229.9691508547257]
[7, 4, 3, 10, 231.66800299053577]
[7, 4, 4, 5, 235.52405737092064]
[7, 4, 4, 6, 234.96769608995174]
[7, 4, 4, 7, 242.58354808479893]
[7, 4, 4, 8, 245.50757484578168]
[7, 4, 4, 9, 245.25486868412887]
[7, 4, 4, 10, 245.48886005212913]
[7, 4, 5, 5, 207.85125912601885]
[7, 4, 5, 6, 200.9902259402923]
[7, 4, 5, 7, 209.0528177462199]
[7, 4, 5, 8, 207.00657584899272]
[7, 4, 5, 9, 202.65279453424]
[7, 4, 5, 10, 202.6133198097962]
[8, 4, 3, 5, 177.04562193999485]
[8, 4, 3, 6, 177.08768359580986]
[8, 4, 3, 7, 213.14665449705933]
[8, 4, 3, 8, 220.5926978827762]
[8, 4, 3, 9, 235.60465356797326]
[8, 4, 3, 10, 240.66565270742493]
[8, 4, 4, 5, 243.54510532441003]
[8, 4, 4, 6, 241.619744065485]
[8, 4, 4, 7, 256.26245147572916]
[8, 4, 4, 8, 254.88056602435154]
[8, 4, 4, 9, 256.5783614195123]
[8, 4, 4, 10, 257.03127744592564]
[8, 4, 5, 5, 209.56746977035274]
[8, 4, 5, 6, 210.18046201038538]
[8, 4, 5, 7, 211.7290414934407]
[8, 4, 5, 8, 210.91999118685723]
[8, 4, 5, 9, 211.59006332035753]
[8, 4, 5, 10, 210.95087034683485]
[9, 4, 3, 5, 182.62010539287817]
[9, 4, 3, 6, 184.67199912145003]
[9, 4, 3, 7, 223.32065566817852]
[9, 4, 3, 8, 233.69280690498397]
[9, 4, 3, 9, 249.2032930082622]
[9, 4, 3, 10, 244.2565435711929]
[9, 4, 4, 5, 252.19312723715572]
[9, 4, 4, 6, 251.89971698917452]
[9, 4, 4, 7, 255.47041978061364]
[9, 4, 4, 8, 254.82893536016354]
[9, 4, 4, 9, 257.79079313507435]
[9, 4, 4, 10, 261.4199493912451]
[9, 4, 5, 5, 220.2740334439942]
[9, 4, 5, 6, 213.91041376947558]
[9, 4, 5, 7, 218.987022952098]
[9, 4, 5, 8, 220.31641735869061]
[9, 4, 5, 9, 217.80147300503495]
[9, 4, 5, 10, 218.87498705888373]
[10, 4, 3, 5, 191.6210790682229]
[10, 4, 3, 6, 192.39743471031943]
[10, 4, 3, 7, 230.5825042153215]
[10, 4, 3, 8, 243.8798323459779]
[10, 4, 3, 9, 255.70856973707788]
[10, 4, 3, 10, 260.84954506211903]
[10, 4, 4, 5, 249.06673413476798]
[10, 4, 4, 6, 249.5774040455017]
[10, 4, 4, 7, 262.22202057023827]
[10, 4, 4, 8, 261.56277105033365]
[10, 4, 4, 9, 265.32213680401213]
[10, 4, 4, 10, 264.5201348018067]
[10, 4, 5, 5, 218.18487246893412]
[10, 4, 5, 6, 225.64752050256286]
[10, 4, 5, 7, 225.9262235566154]
[10, 4, 5, 8, 223.3402436704259]
[10, 4, 5, 9, 224.195659345077]
[10, 4, 5, 10, 224.63271779533537]
[6, 5, 3, 5, 177.84726832894543]
[6, 5, 3, 6, 180.68782820468167]
[6, 5, 3, 7, 223.92606950773538]
[6, 5, 3, 8, 227.48956561027552]
[6, 5, 3, 9, 249.9966717563849]
[6, 5, 3, 10, 249.56585494804315]
[6, 5, 4, 5, 251.17500080303296]
[6, 5, 4, 6, 244.84982664644866]
[6, 5, 4, 7, 246.82120756864086]
[6, 5, 4, 8, 244.38107661966853]
[6, 5, 4, 9, 244.4945795637503]
[6, 5, 4, 10, 244.65142511199136]
[6, 5, 5, 5, 221.1484006809608]
[6, 5, 5, 6, 216.01695335009273]
[6, 5, 5, 7, 218.62004821183837]
[6, 5, 5, 8, 216.64906674939996]
[6, 5, 5, 9, 217.79866137924955]
[6, 5, 5, 10, 213.47685160392172]
[7, 5, 3, 5, 189.39923904672472]
[7, 5, 3, 6, 190.73347653338573]
[7, 5, 3, 7, 228.34112226624987]
[7, 5, 3, 8, 239.10365211169287]
[7, 5, 3, 9, 265.45844692755065]
[7, 5, 3, 10, 261.60455332237564]
[7, 5, 4, 5, 249.12202263089645]
[7, 5, 4, 6, 253.45563038013645]
[7, 5, 4, 7, 255.02663626851262]
[7, 5, 4, 8, 254.03912759704738]
[7, 5, 4, 9, 254.45098285331687]
[7, 5, 4, 10, 255.2816481704423]
[7, 5, 5, 5, 221.74006024965226]
[7, 5, 5, 6, 220.6389098345078]
[7, 5, 5, 7, 221.21293563418598]
[7, 5, 5, 8, 222.39655641065426]
[7, 5, 5, 9, 224.2364149344143]
[7, 5, 5, 10, 224.29550020872037]
[8, 5, 3, 5, 193.40571325413646]
[8, 5, 3, 6, 195.92264664872343]
[8, 5, 3, 7, 230.96646121683892]
[8, 5, 3, 8, 248.02727164189957]
[8, 5, 3, 9, 264.696732080238]
[8, 5, 3, 10, 273.3482900948788]
[8, 5, 4, 5, 260.62514756425134]
[8, 5, 4, 6, 260.18088457551323]
[8, 5, 4, 7, 263.3335981395917]
[8, 5, 4, 8, 257.5685925587322]
[8, 5, 4, 9, 261.4639457519655]
[8, 5, 4, 10, 263.13675711354415]
[8, 5, 5, 5, 227.16276722712274]
[8, 5, 5, 6, 231.682880555356]
[8, 5, 5, 7, 228.04405532650838]
[8, 5, 5, 8, 229.89228630862831]
[8, 5, 5, 9, 227.55229908658654]
[8, 5, 5, 10, 226.48636354593816]
[9, 5, 3, 5, 206.18900066861676]
[9, 5, 3, 6, 193.71295073575507]
[9, 5, 3, 7, 238.93706392026823]
[9, 5, 3, 8, 245.92834301205943]
[9, 5, 3, 9, 269.8144258248393]
[9, 5, 3, 10, 280.1409789497118]
[9, 5, 4, 5, 263.55442696226777]
[9, 5, 4, 6, 259.6896134194111]
[9, 5, 4, 7, 264.354172571886]
[9, 5, 4, 8, 261.7846149430959]
[9, 5, 4, 9, 260.64213058522336]
[9, 5, 4, 10, 260.54879053266734]
[9, 5, 5, 5, 235.9091636843946]
[9, 5, 5, 6, 236.5909264912104]
[9, 5, 5, 7, 232.27883088811632]
[9, 5, 5, 8, 235.34659989687296]
[9, 5, 5, 9, 237.3227061560234]
[9, 5, 5, 10, 239.2557598277667]
[10, 5, 3, 5, 207.07541197238274]
[10, 5, 3, 6, 202.38901781705968]
[10, 5, 3, 7, 242.48834226852088]
[10, 5, 3, 8, 248.61665812809093]
[10, 5, 3, 9, 275.0483325192991]
[10, 5, 3, 10, 273.34325671678704]
[10, 5, 4, 5, 270.31602170487923]
[10, 5, 4, 6, 269.1025421015899]
[10, 5, 4, 7, 271.33988292747966]
[10, 5, 4, 8, 267.0962557950824]
[10, 5, 4, 9, 270.7773285134982]
[10, 5, 4, 10, 266.11734598525913]
[10, 5, 5, 5, 240.80821073922021]
[10, 5, 5, 6, 239.61851918636154]
[10, 5, 5, 7, 241.78994084223373]
[10, 5, 5, 8, 236.44641256250412]
[10, 5, 5, 9, 242.1691690033351]
[10, 5, 5, 10, 237.74551594975384]
[11, 5, 3, 5, 199.92859853236885]
[11, 5, 3, 6, 215.1642586424197]
[11, 5, 3, 7, 253.63511270080855]
[11, 5, 3, 8, 258.97357606164394]
[11, 5, 3, 9, 287.5171300417895]
[11, 5, 3, 10, 283.5726490870124]
[11, 5, 4, 5, 275.3254314852546]
[11, 5, 4, 6, 272.7411034840359]
[11, 5, 4, 7, 270.5439056284329]
[11, 5, 4, 8, 271.28631644266284]
[11, 5, 4, 9, 277.6648765696877]
[11, 5, 4, 10, 272.94668498463386]
[11, 5, 5, 5, 245.18613087909625]
[11, 5, 5, 6, 240.3129070787125]
[11, 5, 5, 7, 244.5691326861876]
[11, 5, 5, 8, 244.83023006313945]
[11, 5, 5, 9, 246.59755669363147]
[11, 5, 5, 10, 248.78754895166736]
[7, 6, 3, 5, 198.7478948879219]
[7, 6, 3, 6, 192.30321981238382]
[7, 6, 3, 7, 230.17614351597973]
[7, 6, 3, 8, 245.23090340976097]
[7, 6, 3, 9, 268.7428074261799]
[7, 6, 3, 10, 267.91180730450935]
[7, 6, 4, 5, 257.63923307599714]
[7, 6, 4, 6, 259.3913903567087]
[7, 6, 4, 7, 260.87579474069713]
[7, 6, 4, 8, 259.4890025754755]
[7, 6, 4, 9, 257.9600554621114]
[7, 6, 4, 10, 257.47478799809835]
[7, 6, 5, 5, 235.06781413959044]
[7, 6, 5, 6, 238.8425257658017]
[7, 6, 5, 7, 236.50786237211636]
[7, 6, 5, 8, 234.94694661266698]
[7, 6, 5, 9, 243.1380340399578]
[7, 6, 5, 10, 237.09092523005043]
[8, 6, 3, 5, 199.38446756342256]
[8, 6, 3, 6, 201.75890518157374]
[8, 6, 3, 7, 240.303163611456]
[8, 6, 3, 8, 256.55832732655375]
[8, 6, 3, 9, 275.2094235295163]
[8, 6, 3, 10, 274.6499512116777]
[8, 6, 4, 5, 267.1339672514113]
[8, 6, 4, 6, 270.85695019364624]
[8, 6, 4, 7, 266.13505667667823]
[8, 6, 4, 8, 265.7267409509843]
[8, 6, 4, 9, 270.1209231023562]
[8, 6, 4, 10, 270.23584361647187]
[8, 6, 5, 5, 244.97035588103336]
[8, 6, 5, 6, 247.19432238829984]
[8, 6, 5, 7, 247.37147446592098]
[8, 6, 5, 8, 241.05212266404303]
[8, 6, 5, 9, 248.88518367067658]
[8, 6, 5, 10, 243.24121803094155]
[9, 6, 3, 5, 206.60945611888113]
[9, 6, 3, 6, 210.28456979545706]
[9, 6, 3, 7, 243.1921060862734]
[9, 6, 3, 8, 259.19553279148045]
[9, 6, 3, 9, 277.0731471416704]
[9, 6, 3, 10, 279.4061796178484]
[9, 6, 4, 5, 272.23991236372467]
[9, 6, 4, 6, 269.85786609426617]
[9, 6, 4, 7, 269.9906746612276]
[9, 6, 4, 8, 266.84350119421936]
[9, 6, 4, 9, 270.88365844974146]
[9, 6, 4, 10, 268.49019922675006]
[9, 6, 5, 5, 246.30217864769259]
[9, 6, 5, 6, 252.68886648747008]
[9, 6, 5, 7, 245.12443848764016]
[9, 6, 5, 8, 253.0820141100761]
[9, 6, 5, 9, 248.2701606573395]
[9, 6, 5, 10, 254.27904813072357]
[10, 6, 3, 5, 218.8075378260433]
[10, 6, 3, 6, 213.9467499998352]
[10, 6, 3, 7, 246.24595330188504]
[10, 6, 3, 8, 266.25456623444154]
[10, 6, 3, 9, 289.97977510086946]
[10, 6, 3, 10, 282.6184492275148]
[10, 6, 4, 5, 274.3431214668701]
[10, 6, 4, 6, 273.25566117835666]
[10, 6, 4, 7, 272.79368722427614]
[10, 6, 4, 8, 271.9112007474672]
[10, 6, 4, 9, 274.0960530240841]
[10, 6, 4, 10, 274.5426789757608]
[10, 6, 5, 5, 254.00503578495392]
[10, 6, 5, 6, 257.1479115551348]
[10, 6, 5, 7, 256.1553241652836]
[10, 6, 5, 8, 257.2283783983528]
[10, 6, 5, 9, 257.63523856805807]
[10, 6, 5, 10, 256.5989476224406]
[11, 6, 3, 5, 232.80404321616197]
[11, 6, 3, 6, 211.19269451032258]
[11, 6, 3, 7, 246.1160515621897]
[11, 6, 3, 8, 268.17505199085224]
[11, 6, 3, 9, 286.73182241062904]
[11, 6, 3, 10, 285.9780989142933]
[11, 6, 4, 5, 278.35319191523405]
[11, 6, 4, 6, 278.1257492220823]
[11, 6, 4, 7, 283.4685999041722]
[11, 6, 4, 8, 283.6840607687462]
[11, 6, 4, 9, 282.82926231694876]
[11, 6, 4, 10, 284.3928727339241]
[11, 6, 5, 5, 263.9980954911456]
[11, 6, 5, 6, 259.56639951609327]
[11, 6, 5, 7, 260.3667231270316]
[11, 6, 5, 8, 259.77118427849484]
[11, 6, 5, 9, 259.9894031651115]
[11, 6, 5, 10, 259.90363100919296]
[12, 6, 3, 5, 221.21075466738205]
[12, 6, 3, 6, 223.83347117489603]
[12, 6, 3, 7, 254.0691561874913]
[12, 6, 3, 8, 272.36361457312444]
[12, 6, 3, 9, 296.07534197814107]
[12, 6, 3, 10, 294.7443348090184]
[12, 6, 4, 5, 284.96102507286275]
[12, 6, 4, 6, 282.146826650389]
[12, 6, 4, 7, 286.0813587477257]
[12, 6, 4, 8, 281.7026469114744]
[12, 6, 4, 9, 283.8748008294505]
[12, 6, 4, 10, 282.9840081081239]
[12, 6, 5, 5, 263.25507091994024]
[12, 6, 5, 6, 259.87054187320933]
[12, 6, 5, 7, 259.080413121088]
[12, 6, 5, 8, 265.38817409086835]
[12, 6, 5, 9, 261.285786725944]
[12, 6, 5, 10, 260.10834306117033]
[8, 7, 3, 5, 223.38979523071748]
[8, 7, 3, 6, 226.57587168754813]
[8, 7, 3, 7, 263.8302631279973]
[8, 7, 3, 8, 283.7934472436694]
[8, 7, 3, 9, 305.5581084765126]
[8, 7, 3, 10, 301.1023912407582]
[8, 7, 4, 5, 278.1157035100396]
[8, 7, 4, 6, 271.4676247266438]
[8, 7, 4, 7, 272.85813599569195]
[8, 7, 4, 8, 277.43548740465314]
[8, 7, 4, 9, 277.1137339218929]
[8, 7, 4, 10, 273.10218614217524]
[8, 7, 5, 5, 244.21480762223854]
[8, 7, 5, 6, 244.94572427886064]
[8, 7, 5, 7, 248.2898205726631]
[8, 7, 5, 8, 243.2312321404807]
[8, 7, 5, 9, 244.88295834953644]
[8, 7, 5, 10, 249.15906592289065]
[9, 7, 3, 5, 232.33776651305774]
[9, 7, 3, 6, 225.37480791969332]
[9, 7, 3, 7, 277.2314767707565]
[9, 7, 3, 8, 284.72411615721705]
[9, 7, 3, 9, 307.8679327095212]
[9, 7, 3, 10, 303.5736123579866]
[9, 7, 4, 5, 276.53604611629817]
[9, 7, 4, 6, 283.0943775541439]
[9, 7, 4, 7, 281.68680223883246]
[9, 7, 4, 8, 280.1078909086748]
[9, 7, 4, 9, 280.2242761721845]
[9, 7, 4, 10, 278.6840779812485]
[9, 7, 5, 5, 246.43565033805618]
[9, 7, 5, 6, 252.9690308934373]
[9, 7, 5, 7, 251.9905127623747]
[9, 7, 5, 8, 250.49132578964594]
[9, 7, 5, 9, 248.8780733835835]
[9, 7, 5, 10, 252.18856792477203]
[10, 7, 3, 5, 230.70393302055024]
[10, 7, 3, 6, 231.10807169043548]
[10, 7, 3, 7, 263.7836291991709]
[10, 7, 3, 8, 293.3225143246566]
[10, 7, 3, 9, 311.9786100890195]
[10, 7, 3, 10, 310.3041464262477]
[10, 7, 4, 5, 285.08698958890886]
[10, 7, 4, 6, 285.4949366866405]
[10, 7, 4, 7, 285.32364683691736]
[10, 7, 4, 8, 283.37332979951134]
[10, 7, 4, 9, 282.9999281338124]
[10, 7, 4, 10, 287.9703620402143]
[10, 7, 5, 5, 262.7211426914844]
[10, 7, 5, 6, 253.35182224409274]
[10, 7, 5, 7, 255.55377795476926]
[10, 7, 5, 8, 252.86206604720377]
[10, 7, 5, 9, 255.67356114393255]
[10, 7, 5, 10, 251.98141311977173]
[11, 7, 3, 5, 231.9821593809576]
[11, 7, 3, 6, 237.1174253739238]
[11, 7, 3, 7, 266.4020158198432]
[11, 7, 3, 8, 294.9055937621994]
[11, 7, 3, 9, 319.31970732695106]
[11, 7, 3, 10, 320.34454963136443]
[11, 7, 4, 5, 286.55164088623536]
[11, 7, 4, 6, 287.22143561325225]
[11, 7, 4, 7, 285.87015242750056]
[11, 7, 4, 8, 285.6655403009862]
[11, 7, 4, 9, 291.50818623949056]
[11, 7, 4, 10, 289.5282681179618]
[11, 7, 5, 5, 263.04902702737894]
[11, 7, 5, 6, 261.2321000384264]
[11, 7, 5, 7, 264.53864668464627]
[11, 7, 5, 8, 264.65430026292034]
[11, 7, 5, 9, 269.18467727587955]
[11, 7, 5, 10, 254.5661874021995]
[12, 7, 3, 5, 232.98633850664604]
[12, 7, 3, 6, 244.04804643809615]
[12, 7, 3, 7, 270.78082718784844]
[12, 7, 3, 8, 292.60705003306606]
[12, 7, 3, 9, 319.010025385961]
[12, 7, 3, 10, 320.55761524860304]
[12, 7, 4, 5, 289.2648070659666]
[12, 7, 4, 6, 296.89773107782435]
[12, 7, 4, 7, 296.2112687246034]
[12, 7, 4, 8, 295.31683647212907]
[12, 7, 4, 9, 295.557692684881]
[12, 7, 4, 10, 291.97603286240644]
[12, 7, 5, 5, 261.27048445991716]
[12, 7, 5, 6, 265.42188823304565]
[12, 7, 5, 7, 259.0971733244043]
[12, 7, 5, 8, 257.2894977159595]
[12, 7, 5, 9, 263.0044344327426]
[12, 7, 5, 10, 261.4424612471968]
[13, 7, 3, 5, 242.81910890873607]
[13, 7, 3, 6, 249.6780828942322]
[13, 7, 3, 7, 276.99892893910356]
[13, 7, 3, 8, 298.5715288059622]
[13, 7, 3, 9, 324.0663484860755]
[13, 7, 3, 10, 324.9008609773728]
[13, 7, 4, 5, 291.3968185984892]
[13, 7, 4, 6, 292.62561668517264]
[13, 7, 4, 7, 293.0813928335653]
[13, 7, 4, 8, 294.5377453261615]
[13, 7, 4, 9, 294.37533380488634]
[13, 7, 4, 10, 295.69260780870474]
[13, 7, 5, 5, 260.1066281179104]
[13, 7, 5, 6, 263.4184115391003]
[13, 7, 5, 7, 260.14607122961814]
[13, 7, 5, 8, 261.71657371674917]
[13, 7, 5, 9, 265.4060682464725]
[13, 7, 5, 10, 269.68476409074935]
